氏名,ふりがな,会派,選挙区,当選回数,令和6年1月19日現在
逢沢　　一郎君,あいさわ 　いちろう,自民,岡山1,12,
青柳　　仁士君,あおやぎ 　ひとし,維教,大阪14,1,
青柳　陽一郎君,あおやぎ 　よういちろう,立憲,（比）南関東,4,
青山　　周平君,あおやま 　しゅうへい,自民,（比）東海,4,
青山　　大人君,あおやま 　やまと,立憲,（比）北関東,2,
赤木　　正幸君,あかぎ 　まさゆき,維教,（比）近畿,1,
赤澤　　亮正君,あかざわ 　りょうせい,自民,鳥取2,6,
赤羽　　一嘉君,あかば 　かずよし,公明,兵庫2,9,
あかま　二郎君,あかま 　じろう,自民,神奈川14,5,
赤嶺　　政賢君,あかみね 　せいけん,共産,沖縄1,8,
秋葉　　賢也君,あきば 　けんや,自民,（比）東北,7,
秋本　　真利君,あきもと 　まさとし,無,（比）南関東,4,
浅川　　義治君,あさかわ 　よしはる,維教,（比）南関東,1,
浅野　　　哲君,あさの 　さとし,国民,茨城5,2,
東　　　国幹君,あずま 　くによし,自民,北海道6,1,
安住　　　淳君,あずみ 　じゅん,立憲,宮城5,9,
畦元　　将吾君,あぜもと 　しょうご,自民,（比）中国,2,
麻生　　太郎君,あそう 　たろう,自民,福岡8,14,
足立　　康史君,あだち 　やすし,維教,大阪9,4,
阿部　　　司君,あべ 　つかさ,維教,（比）東京,1,
あべ　　俊子君,あべ 　としこ,自民,（比）中国,6,
阿部　　知子君,あべ 　ともこ,立憲,神奈川12,8,
阿部　　弘樹君,あべ 　ひろき,維教,（比）九州,1,
甘利　　　明君,あまり 　あきら,自民,（比）南関東,13,
荒井　　　優君,あらい 　ゆたか,立憲,（比）北海道,1,
新垣　　邦男君,あらかき 　くにお,立憲,沖縄2,1,
五十嵐　　清君,いがらし 　きよし,自民,（比）北関東,1,
池下　　　卓君,いけした 　たく,維教,大阪10,1,
池田　　佳隆君,いけだ 　よしたか,無,（比）東海,4,
池畑　浩太朗君,いけはた 　こうたろう,維教,（比）近畿,1,
伊佐　　進一君,いさ 　しんいち,公明,大阪6,4,
井坂　　信彦君,いさか 　のぶひこ,立憲,兵庫1,3,
石井　　啓一君,いしい 　けいいち,公明,（比）北関東　　,10,
石井　　　拓君,いしい 　たく,自民,（比）東海,1,
石川　　昭政君,いしかわ 　あきまさ,自民,（比）北関東,4,
石川　　香織君,いしかわ 　かおり,立憲,北海道11,2,
石田　　真敏君,いしだ 　まさとし,自民,和歌山2,8,
石破　　　茂君,いしば 　しげる,自民,鳥取1,12,
石橋　林太郎君,いしばし 　りんたろう,自民,（比）中国,1,
石原　　宏高君,いしはら 　ひろたか,自民,（比）東京,5,
石原　　正敬君,いしはら 　まさたか,自民,（比）東海,1,
泉　　　健太君,いずみ 　けんた,立憲,京都3,8,
泉田　　裕彦君,いずみだ 　ひろひこ,自民,（比）北陸信越,2,
一谷　勇一郎君,いちたに 　ゆういちろう,維教,（比）近畿,1,
市村　浩一郎君,いちむら 　こういちろう,維教,兵庫6,4,
井出　　庸生君,いで 　ようせい,自民,長野3,4,
伊藤　　俊輔君,いとう 　しゅんすけ,立憲,（比）東京,2,
伊藤　信太郎君,いとう 　しんたろう,自民,宮城4,7,
伊藤　　忠彦君,いとう 　ただひこ,自民,愛知8,5,
伊藤　　達也君,いとう 　たつや,自民,東京22,9,
伊東　　信久君,いとう 　のぶひさ,維教,大阪19,3,
伊東　　良孝君,いとう 　よしたか,自民,北海道7,5,
伊藤　　　渉君,いとう 　わたる,公明,（比）東海,5,
稲田　　朋美君,いなだ 　ともみ,自民,福井1,6,
稲津　　　久君,いなつ 　ひさし,公明,北海道10,5,
稲富　　修二君,いなとみ 　しゅうじ,立憲,（比）九州,3,
井野　　俊郎君,いの 　としろう,自民,群馬2,4,
井上　　信治君,いのうえ 　しんじ,自民,東京25,7,
井上　　貴博君,いのうえ 　たかひろ,自民,福岡1,4,
井上　　英孝君,いのうえ 　ひでたか,維教,大阪1,4,
井林　　辰憲君,いばやし 　たつのり,自民,静岡2,4,
井原　　　巧君,いはら 　たくみ,自民,愛媛3,1（参1）,
今枝　宗一郎君,いまえだ 　そういちろう,自民,愛知14,4,
今村　　雅弘君,いまむら 　まさひろ,自民,（比）九州,9,
岩田　　和親君,いわた 　かずちか,自民,（比）九州,4,
岩谷　　良平君,いわたに 　りょうへい,維教,大阪13,1,
岩屋　　　毅君,いわや 　たけし,自民,大分3,9,
上杉　謙太郎君,うえすぎ 　けんたろう,自民,（比）東北,2,
上田　　英俊君,うえだ 　えいしゅん,自民,富山2,1,
上野　賢一郎君,うえの 　けんいちろう,自民,滋賀2,5,
浮島　　智子君,うきしま 　ともこ,公明,（比）近畿,4（参1）,
梅谷　　　守君,うめたに 　まもる,立憲,新潟6,1,
浦野　　靖人君,うらの 　やすと,維教,大阪15,4,
うるま　譲司君,うるま 　じょうじ,維教,大阪8,1,
江崎　　鐵磨君,えさき 　てつま,自民,愛知10,8,
江田　　憲司君,えだ 　けんじ,立憲,神奈川8,7,
枝野　　幸男君,えだの 　ゆきお,立憲,埼玉5,10,
江渡　　聡徳君,えと 　あきのり,自民,青森1,8,
衛藤　征士郎君,えとう 　せいしろう,自民,大分2,13（参1）,
江藤　　　拓君,えとう 　たく,自民,宮崎2,7,
英利アルフィヤ君,えり 　あるふぃや,自民,千葉5,1,
遠藤　　　敬君,えんどう 　たかし,維教,大阪18,4,
遠藤　　利明君,えんどう 　としあき,自民,山形1,9,
遠藤　　良太君,えんどう 　りょうた,維教,（比）近畿,1,
大石　あきこ君,おおいし 　あきこ,れ新,（比）近畿,1,
大岡　　敏孝君,おおおか 　としたか,自民,滋賀1,4,
大河原まさこ君,おおかわら 　まさこ,立憲,（比）東京,2（参1）,
大串　　博志君,おおぐし 　ひろし,立憲,佐賀2,6,
大串　　正樹君,おおぐし 　まさき,自民,（比）近畿,4,
大口　　善徳君,おおぐち 　よしのり,公明,（比）東海,9,
逢坂　　誠二君,おおさか 　せいじ,立憲,北海道8,5,
大島　　　敦君,おおしま 　あつし,立憲,埼玉6,8,
大塚　　　拓君,おおつか 　たく,自民,埼玉9,5,
おおつき紅葉君,おおつき 　くれは,立憲,（比）北海道,1,
大西　　健介君,おおにし 　けんすけ,立憲,愛知13,5,
大西　　英男君,おおにし 　ひでお,自民,東京16,4,
大野　敬太郎君,おおの 　けいたろう,自民,香川3,4,
岡田　　克也君,おかだ 　かつや,立憲,三重3,11,
緒方　林太郎君,おがた 　りんたろう,有志,福岡9,3,
岡本　あき子君,おかもと 　あきこ,立憲,（比）東北,2,
岡本　　三成君,おかもと 　みつなり,公明,東京12,4,
小川　　淳也君,おがわ 　じゅんや,立憲,香川1,6,
奥下　　剛光君,おくした 　たけみつ,維教,大阪7,1,
奥野　　信亮君,おくの 　しんすけ,自民,（比）近畿,6,
奥野　総一郎君,おくの 　そういちろう,立憲,千葉9,5,
小熊　　慎司君,おぐま 　しんじ,立憲,福島4,4（参1）,
小倉　　將信君,おぐら 　まさのぶ,自民,東京23,4,
尾崎　　正直君,おざき 　まさなお,自民,高知2,1,
小里　　泰弘君,おざと 　やすひろ,自民,（比）九州,6,
小沢　　一郎君,おざわ 　いちろう,立憲,（比）東北,18,
小田原　　潔君,おだわら 　きよし,自民,東京21,4,
越智　　隆雄君,おち 　たかお,自民,（比）東京,5,
落合　　貴之君,おちあい 　たかゆき,立憲,東京6,3,
鬼木　　　誠君,おにき 　まこと,自民,福岡2,4,
小野　　泰輔君,おの 　たいすけ,維教,（比）東京,1,
小野寺　五典君,おのでら 　いつのり,自民,宮城6,8,
小渕　　優子君,おぶち 　ゆうこ,自民,群馬5,8,
尾身　　朝子君,おみ 　あさこ,自民,（比）北関東,3,
海江田　万里君,かいえだ 　ばんり,無,（比）東京,8,
柿沢　　未途君,かきざわ 　みと,無,東京15,5,
笠井　　　亮君,かさい 　あきら,共産,（比）東京,6（参1）,
河西　　宏一君,かさい 　こういち,公明,（比）東京,1,
梶山　　弘志君,かじやま 　ひろし,自民,茨城4,8,
勝俣　　孝明君,かつまた 　たかあき,自民,静岡6,4,
勝目　　　康君,かつめ 　やすし,自民,京都1,1,
加藤　　鮎子君,かとう 　あゆこ,自民,山形3,3,
加藤　　勝信君,かとう 　かつのぶ,自民,岡山5,7,
加藤　　竜祥君,かとう 　りゅうしょう,自民,長崎2,1,
門山　　宏哲君,かどやま 　ひろあき,自民,（比）南関東,4,
金子　　恵美君,かねこ 　えみ,立憲,福島1,3（参1）,
金子　　俊平君,かねこ 　しゅんぺい,自民,岐阜4,2,
金子　　恭之君,かねこ 　やすし,自民,熊本4,8,
金子　　容三君,かねこ 　ようぞう,自民,長崎4,1,
金田　　勝年君,かねだ 　かつとし,自民,（比）東北,5（参2）,
金村　　龍那君,かねむら 　りゅうな,維新,（比）南関東,1,
鎌田　さゆり君,かまた 　さゆり,立憲,宮城2,3,
上川　　陽子君,かみかわ 　ようこ,自民,静岡1,7,
神谷　　　裕君,かみや 　ひろし,立憲,（比）北海道,2,
亀岡　　偉民君,かめおか 　よしたみ,自民,（比）東北,5,
川崎　ひでと君,かわさき 　ひでと,自民,三重2,1,
菅　　　直人君,かん 　なおと,立憲,東京18,14,
菅家　　一郎君,かんけ 　いちろう,自民,（比）東北,4,
神田　　憲次君,かんだ 　けんじ,自民,愛知5,4,
神田　　潤一君,かんだ 　じゅんいち,自民,青森2,1,
城井　　　崇君,きい 　たかし,立憲,福岡10,4,
城内　　　実君,きうち 　みのる,自民,静岡7,6,
黄川田　仁志君,きかわだ 　ひとし,自民,埼玉3,4,
菊田　真紀子君,きくた 　まきこ,立憲,新潟4,7,
岸　　信千世君,きし 　のぶちよ,自民,山口2,1,
岸田　　文雄君,きしだ 　ふみお,自民,広島1,10,
北神　　圭朗君,きたがみ 　けいろう,有志,京都4,4,
北側　　一雄君,きたがわ 　かずお,公明,大阪16,10,
木原　　誠二君,きはら 　せいじ,自民,東京20,5,
木原　　　稔君,きはら 　みのる,自民,熊本1,5,
木村　　次郎君,きむら 　じろう,自民,青森3,2,
吉良　　州司君,きら 　しゅうじ,有志,大分1,6,
金城　　泰邦君,きんじょう 　やすくに,公明,（比）九州,1,
日下　　正喜君,くさか 　まさき,公明,（比）中国,1,
櫛渕　　万里君,くしぶち 　まり,れ新,（比）東京,2,
工藤　　彰三君,くどう 　しょうぞう,自民,愛知4,4,
国定　　勇人君,くにさだ 　いさと,自民,（比）北陸信越,1,
國重　　　徹君,くにしげ 　とおる,公明,大阪5,4,
国光　あやの君,くにみつ 　あやの,自民,茨城6,2,
熊田　　裕通君,くまだ 　ひろみち,自民,愛知1,4,
玄葉　光一郎君,げんば 　こういちろう,立憲,福島3,10,
源馬　謙太郎君,げんま 　けんたろう,立憲,静岡8,2,
小泉　進次郎君,こいずみ 　しんじろう,自民,神奈川11,5,
小泉　　龍司君,こいずみ 　りゅうじ,自民,埼玉11,7,
神津　たけし君,こうづ 　たけし,立憲,（比）北陸信越,1,
河野　　太郎君,こうの 　たろう,自民,神奈川15,9,
高村　　正大君,こうむら 　まさひろ,自民,山口1,2,
古賀　　　篤君,こが 　あつし,自民,福岡3,4,
穀田　　恵二君,こくた 　けいじ,共産,（比）近畿,10,
國場　幸之助君,こくば 　こうのすけ,自民,（比）九州,4,
小島　　敏文君,こじま 　としふみ,自民,（比）中国,4,
輿水　　恵一君,こしみず 　けいいち,公明,（比）北関東,3,
小寺　　裕雄君,こてら 　ひろお,自民,滋賀4,2,
後藤　　茂之君,ごとう 　しげゆき,自民,長野4,7,
後藤　　祐一君,ごとう 　ゆういち,立憲,神奈川16,5,
小林　　茂樹君,こばやし 　しげき,自民,（比）近畿,3,
小林　　鷹之君,こばやし 　たかゆき,自民,千葉2,4,
小林　　史明君,こばやし 　ふみあき,自民,広島7,4,
小宮山　泰子君,こみやま 　やすこ,立憲,（比）北関東,7,
小森　　卓郎君,こもり 　たくお,自民,石川1,1,
小山　　展弘君,こやま 　のぶひろ,立憲,静岡3,3,
近藤　　和也君,こんどう 　かずや,立憲,（比）北陸信越,3,
近藤　　昭一君,こんどう 　しょういち,立憲,愛知3,9,
斎藤アレックス君,さいとう 　あれっくす,維教,（比）近畿,1,
齋藤　　　健君,さいとう 　けん,自民,千葉7,5,
斉藤　　鉄夫君,さいとう 　てつお,公明,広島3,10,
斎藤　　洋明君,さいとう 　ひろあき,自民,新潟3,4,
坂井　　　学君,さかい 　まなぶ,自民,神奈川5,5,
坂本　　哲志君,さかもと 　てつし,自民,熊本3,7,
坂本　祐之輔君,さかもと 　ゆうのすけ,立憲,（比）北関東,3,
櫻井　　　周君,さくらい 　しゅう,立憲,（比）近畿,2,
櫻田　　義孝君,さくらだ 　よしたか,自民,（比）南関東,8,
笹川　　博義君,ささがわ 　ひろよし,自民,群馬3,4,
佐々木　　紀君,ささき 　はじめ,自民,石川2,4,
佐藤　　公治君,さとう 　こうじ,立憲,広島6,4（参1）,
佐藤　　茂樹君,さとう 　しげき,公明,大阪3,10,
佐藤　　　勉君,さとう 　つとむ,自民,栃木4,9,
佐藤　　英道君,さとう 　ひでみち,公明,（比）北海道,4,
沢田　　　良君,さわだ 　りょう,維教,（比）北関東,1,
志位　　和夫君,しい 　かずお,共産,（比）南関東　　,10,
塩川　　鉄也君,しおかわ 　てつや,共産,（比）北関東,8,
塩崎　　彰久君,しおざき 　あきひさ,自民,愛媛1,1,
塩谷　　　立君,しおのや 　りゅう,自民,（比）東海,10,
重徳　　和彦君,しげとく 　かずひこ,立憲,愛知12,4,
階　　　　猛君,しな 　たけし,立憲,岩手1,6,
篠原　　　豪君,しのはら 　ごう,立憲,神奈川1,3,
篠原　　　孝君,しのはら 　たかし,立憲,（比）北陸信越,7,
柴山　　昌彦君,しばやま 　まさひこ,自民,埼玉8,7,
島尻　安伊子君,しまじり 　あいこ,自民,沖縄3,1（参2）,
下条　　みつ君,しもじょう 　みつ,立憲,長野2,5,
下村　　博文君,しもむら 　はくぶん,自民,東京11,9,
庄子　　賢一君,しょうじ 　けんいち,公明,（比）東北,1,
白石　　洋一君,しらいし 　よういち,立憲,（比）四国,3,
新谷　　正義君,しんたに 　まさよし,自民,広島4,4,
新藤　　義孝君,しんどう 　よしたか,自民,埼玉2,8,
末松　　義規君,すえまつ 　よしのり,立憲,東京19,7,
菅　　　義偉君,すが 　よしひで,自民,神奈川2,9,
杉田　　水脈君,すぎた 　みお,自民,（比）中国,3,
杉本　　和巳君,すぎもと 　かずみ,維教,（比）東海,4,
鈴木　　　敦君,すずき 　あつし,維教,（比）南関東,1,
鈴木　　英敬君,すずき 　えいけい,自民,三重4,1,
鈴木　　馨祐君,すずき 　けいすけ,自民,神奈川7,5,
鈴木　　俊一君,すずき 　しゅんいち,自民,岩手2,10,
鈴木　　淳司君,すずき 　じゅんじ,自民,愛知7,6,
鈴木　　貴子君,すずき 　たかこ,自民,（比）北海道,4,
鈴木　　憲和君,すずき 　のりかず,自民,山形2,4,
鈴木　　隼人君,すずき 　はやと,自民,東京10,3,
鈴木　　庸介君,すずき 　ようすけ,立憲,（比）東京,1,
鈴木　　義弘君,すずき 　よしひろ,国民,（比）北関東,3,
住吉　　寛紀君,すみよし 　ひろき,維教,（比）近畿,1,
関　　　芳弘君,せき 　よしひろ,自民,兵庫3,5,
瀬戸　　隆一君,せと 　たかかず,自民,（比）四国,3,
空本　　誠喜君,そらもと 　せいき,維教,（比）中国,2,
平　　　将明君,たいら 　まさあき,自民,東京4,6,
高市　　早苗君,たかいち 　さなえ,自民,奈良2,9,
高階　恵美子君,たかがい 　えみこ,自民,（比）中国,1（参2）,
高木　　　啓君,たかぎ 　けい,自民,（比）東京,2,
高木　　　毅君,たかぎ 　つよし,自民,福井2,8,
高木　　宏壽君,たかぎ 　ひろひさ,自民,北海道3,3,
高木　　陽介君,たかぎ 　ようすけ,公明,（比）東京,9,
高鳥　　修一君,たかとり 　しゅういち,自民,（比）北陸信越,5,
高橋　千鶴子君,たかはし 　ちづこ,共産,（比）東北,7,
高橋　　英明君,たかはし 　ひであき,維教,（比）北関東,1,
高見　　康裕君,たかみ 　やすひろ,自民,島根2,1,
たがや　　亮君,たがや 　りょう,れ新,（比）南関東,1,
武井　　俊輔君,たけい 　しゅんすけ,自民,（比）九州,4,
竹内　　　譲君,たけうち 　ゆずる,公明,（比）近畿,6,
武田　　良太君,たけだ 　りょうた,自民,福岡11,7,
武部　　　新君,たけべ 　あらた,自民,北海道12,4,
武村　　展英君,たけむら 　のぶひで,自民,滋賀3,4,
田嶋　　　要君,たじま 　かなめ,立憲,千葉1,7,
橘　　慶一郎君,たちばな 　けいいちろう,自民,富山3,5,
田所　　嘉徳君,たどころ 　よしのり,自民,（比）北関東,4,
田中　　和徳君,たなか 　かずのり,自民,神奈川10,9,
田中　　　健君,たなか 　けん,国民,（比）東海,1,
田中　　英之君,たなか 　ひでゆき,自民,（比）近畿,4,
田中　　良生君,たなか 　りょうせい,自民,埼玉15,5,
棚橋　　泰文君,たなはし 　やすふみ,自民,岐阜2,9,
谷　　　公一君,たに 　こういち,自民,兵庫5,7,
谷川　　とむ君,たにがわ 　とむ,自民,（比）近畿,3,
田野瀬　太道君,たのせ 　たいどう,自民,奈良3,4,
田畑　　裕明君,たばた 　ひろあき,自民,富山1,4,
玉木　雄一郎君,たまき 　ゆういちろう,国民,香川2,5,
田村　　貴昭君,たむら 　たかあき,共産,（比）九州,3,
田村　　憲久君,たむら 　のりひさ,自民,三重1,9,
塚田　　一郎君,つかだ 　いちろう,自民,(比)北陸信越,1（参2）,
辻　　　清人君,つじ 　きよと,自民,東京2,4,
津島　　　淳君,つしま 　じゅん,自民,（比）東北,4,
土田　　　慎君,つちだ 　しん,自民,東京13,1,
土屋　　品子君,つちや 　しなこ,自民,埼玉13,8,
堤　　かなめ君,つつみ 　かなめ,立憲,福岡5,1,
角田　　秀穂君,つのだ 　ひでお,公明,（比）南関東,2,
手塚　　仁雄君,てづか 　よしお,立憲,東京5,5,
寺田　　　学君,てらた 　まなぶ,立憲,（比）東北,6,
寺田　　　稔君,てらだ 　みのる,自民,広島5,6,
土井　　　亨君,どい 　とおる,自民,宮城1,5,
渡海　紀三朗君,とかい 　きさぶろう,自民,兵庫10,10,
冨樫　　博之君,とがし 　ひろゆき,自民,秋田1,4,
徳永　　久志君,とくなが 　ひさし,維教,（比）近畿,1（参1）,
永岡　　桂子君,ながおか 　けいこ,自民,茨城7,6,
中川　　貴元君,なかがわ 　たかもと,自民,（比）東海,1,
中川　　宏昌君,なかがわ 　ひろまさ,公明,（比）北陸信越,1,
中川　　正春君,なかがわ 　まさはる,立憲,（比）東海,9,
中川　　康洋君,なかがわ 　やすひろ,公明,（比）東海,2,
中川　　郁子君,なかがわ 　ゆうこ,自民,（比）北海道,3,
長坂　　康正君,ながさか 　やすまさ,自民,愛知9,4,
長島　　昭久君,ながしま 　あきひさ,自民,（比）東京,7,
中島　　克仁君,なかじま 　かつひと,立憲,（比）南関東,4,
中嶋　　秀樹君,なかじま 　ひでき,維新,（比）近畿,1,
中曽根　康隆君,なかそね 　やすたか,自民,群馬1,2,
中谷　　一馬君,なかたに 　かずま,立憲,（比）南関東,2,
中谷　　　元君,なかたに 　げん,自民,高知1,11,
中谷　　真一君,なかたに 　しんいち,自民,山梨1,4,
中司　　　宏君,なかつか 　ひろし,維新,大阪11,1,
長妻　　　昭君,ながつま 　あきら,立憲,東京7,8,
長友　　慎治君,ながとも 　しんじ,国民,（比）九州,1,
中西　　健治君,なかにし 　けんじ,自民,神奈川3,1（参2）,
中根　　一幸君,なかね 　かずゆき,自民,（比）北関東,5,
中野　　英幸君,なかの 　ひでゆき,自民,埼玉7,1,
中野　　洋昌君,なかの 　ひろまさ,公明,兵庫8,4,
中村　喜四郎君,なかむら 　きしろう,立憲,（比）北関東,15,
中村　　裕之君,なかむら 　ひろゆき,自民,北海道4,4,
中山　　展宏君,なかやま 　のりひろ,自民,（比）南関東,4,
二階　　俊博君,にかい 　としひろ,自民,和歌山3,13,
仁木　　博文君,にき 　ひろぶみ,自民,徳島1,2,
西岡　　秀子君,にしおか 　ひでこ,国民,長崎1,2,
西田　　昭二君,にしだ 　しょうじ,自民,石川3,2,
西野　　太亮君,にしの 　だいすけ,自民,熊本2,1,
西村　　明宏君,にしむら 　あきひろ,自民,宮城3,6,
西村　智奈美君,にしむら 　ちなみ,立憲,新潟1,6,
西村　　康稔君,にしむら 　やすとし,自民,兵庫9,7,
西銘　恒三郎君,にしめ 　こうさぶろう,自民,沖縄4,6,
丹羽　　秀樹君,にわ 　ひでき,自民,愛知6,6,
額賀　福志郎君,ぬかが 　ふくしろう,無,茨城2,13,
根本　　　匠君,ねもと 　たくみ,自民,福島2,9,
根本　　幸典君,ねもと 　ゆきのり,自民,愛知15,4,
野田　　聖子君,のだ 　せいこ,自民,岐阜1,10,
野田　　佳彦君,のだ 　よしひこ,立憲,千葉4,9,
野中　　　厚君,のなか 　あつし,自民,（比）北関東,4,
野間　　　健君,のま 　たけし,立憲,鹿児島3,3,
萩生田　光一君,はぎうだ 　こういち,自民,東京24,6,
橋本　　　岳君,はしもと 　がく,自民,岡山4,5,
長谷川　淳二君,はせがわ 　じゅんじ,自民,愛媛4,1,
鳩山　　二郎君,はとやま 　じろう,自民,福岡6,3,
葉梨　　康弘君,はなし 　やすひろ,自民,茨城3,6,
馬場　　伸幸君,ばば 　のぶゆき,維新,大阪17,4,
馬場　　雄基君,ばば 　ゆうき,立憲,（比）東北,1,
浜田　　靖一君,はまだ 　やすかず,自民,千葉12,10,
浜地　　雅一君,はまち 　まさかず,公明,（比）九州,4,
早坂　　　敦君,はやさか 　あつし,維新,（比）東北,1,
林　　　幹雄君,はやし 　もとお,自民,千葉10,10,
林　　　佑美君,はやし 　ゆみ,維新,和歌山1,1,
林　　　芳正君,はやし 　よしまさ,自民,山口3,1（参5）,
原口　　一博君,はらぐち 　かずひろ,立憲,佐賀1,9,
伴野　　　豊君,ばんの 　ゆたか,立憲,（比）東海,6,
平井　　卓也君,ひらい 　たくや,自民,（比）四国,8,
平口　　　洋君,ひらぐち 　ひろし,自民,広島2,5,
平沢　　勝栄君,ひらさわ 　かつえい,自民,東京17,9,
平沼　正二郎君,ひらぬま 　しょうじろう,自民,岡山3,1,
平林　　　晃君,ひらばやし 　あきら,公明,（比）中国,1,
深澤　　陽一君,ふかざわ 　よういち,自民,静岡4,2,
福重　　隆浩君,ふくしげ 　たかひろ,公明,（比）北関東,1,
福島　　伸享君,ふくしま 　のぶゆき,有志,茨城1,3,
福田　　昭夫君,ふくだ 　あきお,立憲,栃木2,6,
福田　　達夫君,ふくだ 　たつお,自民,群馬4,4,
藤井　比早之君,ふじい 　ひさゆき,自民,兵庫4,4,
藤岡　たかお君,ふじおか 　たかお,立憲,（比）北関東,1,
藤田　　文武君,ふじた 　ふみたけ,維新,大阪12,2,
藤巻　　健太君,ふじまき 　けんた,維新,（比）南関東,1,
藤丸　　　敏君,ふじまる 　さとし,自民,福岡7,4,
藤原　　　崇君,ふじわら 　たかし,自民,岩手3,4,
太　　　栄志君,ふとり 　ひでし,立憲,神奈川13,1,
船田　　　元君,ふなだ 　はじめ,自民,栃木1,13,
古川　　直季君,ふるかわ 　なおき,自民,神奈川6,1,
古川　　元久君,ふるかわ 　もとひさ,国民,愛知2,9,
古川　　　康君,ふるかわ 　やすし,自民,（比）九州,3,
古川　　禎久君,ふるかわ 　よしひさ,自民,宮崎3,7,
古屋　　圭司君,ふるや 　けいじ,自民,岐阜5,11,
古屋　　範子君,ふるや 　のりこ,公明,（比）南関東,7,
穂坂　　　泰君,ほさか 　やすし,自民,埼玉4,2,
星野　　剛士君,ほしの 　つよし,自民,（比）南関東,4,
細田　　健一君,ほそだ 　けんいち,自民,新潟2,4,
細野　　豪志君,ほその 　ごうし,自民,静岡5,8,
掘井　　健智君,ほりい 　けんじ,維新,（比）近畿,1,
堀井　　　学君,ほりい 　まなぶ,自民,（比）北海道,4,
堀内　　詔子君,ほりうち 　のりこ,自民,山梨2,4,
堀場　　幸子君,ほりば 　さちこ,維新,（比）近畿,1,
本庄　　知史君,ほんじょう 　さとし,立憲,千葉8,1,
本田　　太郎君,ほんだ 　たろう,自民,京都5,2,
前原　　誠司君,まえはら 　せいじ,維教,京都2,10,
牧　　　義夫君,まき 　よしお,立憲,（比）東海,7,
牧島　かれん君,まきしま 　かれん,自民,神奈川17,4,
牧原　　秀樹君,まきはら 　ひでき,自民,（比）北関東,5,
松木けんこう君,まつき 　けんこう,立憲,北海道2,6,
松島　みどり君,まつしま 　みどり,自民,東京14,7,
松野　　博一君,まつの 　ひろかず,自民,千葉3,8,
松原　　　仁君,まつばら 　じん,立憲,東京3,8,
松本　　剛明君,まつもと 　たけあき,自民,兵庫11,8,
松本　　　尚君,まつもと 　ひさし,自民,千葉13,1,
松本　　洋平君,まつもと 　ようへい,自民,（比）東京,5,
馬淵　　澄夫君,まぶち 　すみお,立憲,奈良1,7,
三木　　圭恵君,みき 　けえ,維教,（比）近畿,2,
岬　　　麻紀君,みさき 　まき,維教,（比）東海,1,
三反園　　訓君,みたぞの 　さとし,自民,鹿児島2,1,
三谷　　英弘君,みたに 　ひでひろ,自民,（比）南関東,3,
道下　　大樹君,みちした 　だいき,立憲,北海道1,2,
三ッ林　裕巳君,みつばやし 　ひろみ,自民,埼玉14,4,
緑川　　貴士君,みどりかわ 　たかし,立憲,秋田2,2,
美延　　映夫君,みのべ 　てるお,維教,大阪4,2,
御法川　信英君,みのりかわ 　のぶひで,自民,秋田3,6,
宮内　　秀樹君,みやうち 　ひでき,自民,福岡4,4,
宮崎　　政久君,みやざき 　まさひさ,自民,（比）九州,4,
宮澤　　博行君,みやざわ 　ひろゆき,自民,（比）東海,4,
宮路　　拓馬君,みやじ 　たくま,自民,鹿児島1,3,
宮下　　一郎君,みやした 　いちろう,自民,長野5,6,
宮本　　岳志君,みやもと 　たけし,共産,（比）近畿,5（参1）,
宮本　　　徹君,みやもと 　とおる,共産,（比）東京,3,
務台　　俊介君,むたい 　しゅんすけ,自民,（比）北陸信越,4,
武藤　　容治君,むとう 　ようじ,自民,岐阜3,5,
宗清　　皇一君,むねきよ 　こういち,自民,（比）近畿,3,
村井　　英樹君,むらい 　ひでき,自民,埼玉1,4,
村上　誠一郎君,むらかみ 　せいいちろう,自民,愛媛2,12,
茂木　　敏充君,もてぎ 　としみつ,自民,栃木5,10,
本村　　伸子君,もとむら 　のぶこ,共産,（比）東海,3,
森　　　英介君,もり 　えいすけ,自民,千葉11,11,
守島　　　正君,もりしま 　ただし,維教,大阪2,1,
森田　　俊和君,もりた 　としかず,立憲,埼玉12,2,
森山　　　裕君,もりやま 　ひろし,自民,鹿児島4,7（参1）,
森山　　浩行君,もりやま 　ひろゆき,立憲,（比）近畿,3,
盛山　　正仁君,もりやま 　まさひと,自民,（比）近畿,5,
八木　　哲也君,やぎ 　てつや,自民,愛知11,4,
保岡　　宏武君,やすおか 　ひろたけ,自民,（比）九州,1,
谷田川　　元君,やたがわ 　はじめ,立憲,（比）南関東,3,
簗　　　和生君,やな 　かずお,自民,栃木3,4,
柳本　　　顕君,やなぎもと 　あきら,自民,（比）近畿,1,
山岡　　達丸君,やまおか 　たつまる,立憲,北海道9,3,
山岸　　一生君,やまぎし 　いっせい,立憲,東京9,1,
山際　大志郎君,やまぎわ 　だいしろう,自民,神奈川18,6,
山口　　俊一君,やまぐち 　しゅんいち,自民,徳島2,11,
山口　　　晋君,やまぐち 　すすむ,自民,埼玉10,1,
山口　　　壯君,やまぐち 　つよし,自民,兵庫12,7,
山崎　　　誠君,やまざき 　まこと,立憲,（比）南関東,3,
山崎　　正恭君,やまさき 　まさやす,公明,（比）四国,1,
山下　　貴司君,やました 　たかし,自民,岡山2,4,
山田　　勝彦君,やまだ 　かつひこ,立憲,(比)九州,1,
山田　　賢司君,やまだ 　けんじ,自民,兵庫7,4,
山田　　美樹君,やまだ 　みき,自民,東京1,4,
山井　　和則君,やまのい 　かずのり,立憲,京都6,8,
山本　　剛正君,やまもと 　ごうせい,維教,（比）九州,2,
山本　　左近君,やまもと 　さこん,自民,（比）東海,1,
山本ともひろ君,やまもと 　ともひろ,自民,（比）南関東,5,
山本　　有二君,やまもと 　ゆうじ,自民,（比）四国,11,
屋良　　朝博君,やら 　ともひろ,立憲,（比）九州,2,
柚木　　道義君,ゆのき 　みちよし,立憲,（比）中国,6,
湯原　　俊二君,ゆはら 　しゅんじ,立憲,（比）中国,2,
義家　　弘介君,よしいえ 　ひろゆき,自民,（比）南関東,4（参1）,
吉川　　　赳君,よしかわ 　たける,無,（比）東海,3,
吉川　　　元君,よしかわ 　はじめ,立憲,（比）九州,4,
吉田　久美子君,よしだ 　くみこ,公明,（比）九州,1,
吉田　　真次君,よしだ 　しんじ,自民,山口4,1,
吉田　　統彦君,よしだ 　つねひこ,立憲,（比）東海,3,
吉田　とも代君,よしだ 　ともよ,維教,（比）四国,1,
吉田　　豊史君,よしだ 　とよふみ,無,（比）北陸信越,2,
吉田　　宣弘君,よしだ 　のぶひろ,公明,（比）九州,3,
吉田　はるみ君,よしだ 　はるみ,立憲,東京8,1,
吉野　　正芳君,よしの 　まさよし,自民,福島5,8,
米山　　隆一君,よねやま 　りゅういち,立憲,新潟5,1,
笠　　　浩史君,りゅう 　ひろふみ,立憲,神奈川9,7,
若林　　健太君,わかばやし 　けんた,自民,長野1,1（参1）,
若宮　　健嗣君,わかみや 　けんじ,自民,（比）東京,5,
鷲尾　英一郎君,わしお 　えいいちろう,自民,（比）北陸信越,6,
早稲田　ゆき君,わせだ 　ゆき,立憲,神奈川4,2,
和田　有一朗君,わだ 　ゆういちろう,維教,（比）近畿,1,
和田　　義明君,わだ 　よしあき,自民,北海道5,3,
渡辺　　孝一君,わたなべ 　こういち,自民,（比）北海道,4,
渡辺　　　周君,わたなべ 　しゅう,立憲,（比）東海,9,
渡辺　　　創君,わたなべ 　そう,立憲,宮崎1,1,
渡辺　　博道君,わたなべ 　ひろみち,自民,千葉6,8,
鰐淵　　洋子君,わにぶち 　ようこ,公明,（比）近畿,2（参1）,